{"file:///home/tohnoyouki/Desktop/vulkan/include/environment.h":{"language":"C++","code":59,"comment":0,"blank":6},"file:///home/tohnoyouki/Desktop/vulkan/include/surface.h":{"language":"C++","code":14,"comment":0,"blank":3},"file:///home/tohnoyouki/Desktop/vulkan/include/core.h":{"language":"C++","code":19,"comment":0,"blank":7},"file:///home/tohnoyouki/Desktop/vulkan/include/instance.h":{"language":"C++","code":34,"comment":0,"blank":9},"file:///home/tohnoyouki/Desktop/vulkan/include/debug.h":{"language":"C++","code":34,"comment":0,"blank":5},"file:///home/tohnoyouki/Desktop/vulkan/include/physicaldevice.h":{"language":"C++","code":21,"comment":0,"blank":4},"file:///home/tohnoyouki/Desktop/vulkan/include/resource.h":{"language":"C++","code":11,"comment":0,"blank":1}}